SubDistrictCode,AnimalTotal
390604,1
700115,1
750108,2
901003,2
920412,2
940710,2
960206,2
640604,3
141305,4
150113,5
400507,5
940110,6
361305,9
910602,9
210301,10
230405,10
341518,10
451305,11
460708,11
130201,12
420106,12
470806,12
480704,13
950503,13
530108,14
801215,14
340403,15
340407,15
471303,15
810807,15
191303,17
760613,18
461106,19
380111,20
601101,20
700702,20
400504,21
300205,23
140420,25
520607,25
810206,25
220905,29
670702,29
961106,29
710403,30
841208,33
150401,35
840111,37
670709,40
421001,43
210308,50
200901,52
380503,53
800704,60
501408,65
810801,76
600106,96
200905,112
670106,215
950205,260
920621,800
421005,1400
230301,1500
700114,3700
601107,4000
220309,8465
250608,14040
401014,34550
401009,53254
311015,4
330502,4
841206,7
461101,9
250103,10
470805,10
610607,11
321209,13
760709,13
850304,13
170304,14
311903,15
141605,16
640703,16
160408,17
311003,17
130204,20
302503,20
450403,22
330811,26
760201,31
221005,34
160209,35
150107,40
650103,45
340116,51
420403,54
930101,54
660402,57
190213,60
840105,70
660502,88
230106,90
660507,150
180304,160
660607,235
700122,245
200402,250
801206,255
130113,270
820407,606
160401,609
530104,1403
510611,2106
311001,3792
190401,5900
170606,9000
530107,9004
200303,14350
210606,17245
411712,13
400304,19
402502,26
411109,30
630202,31
670808,34
720906,39
390303,47
900308,47
460908,52
810703,52
140811,65
660601,67
920308,73
431502,74
580101,78
170405,82
850107,87
170107,100
800501,105
940206,115
920101,121
760108,126
760504,166
920702,208
820503,230
140610,290
801901,379
410205,517
510204,706
230401,812
901202,842
190406,1054
200707,1407
210309,2020
730102,2293
760202,8
330501,11
160118,20
471204,28
770609,28
341203,32
500512,38
321203,44
480806,45
601106,45
370102,46
460713,50
160503,60
461501,64
661004,66
610604,69
841205,74
670712,86
841209,87
471217,98
600112,119
841402,137
180608,158
150305,187
390106,211
170610,258
170503,420
180406,536
730319,608
660603,1353
210804,1795
170203,2094
760511,5600
600114,11874
470605,9
760203,18
400707,32
720106,35
450105,38
332001,42
670405,44
520706,49
560503,60
640601,62
451503,69
580502,69
331707,82
410905,86
630112,100
470808,127
660105,134
460903,142
420605,185
410207,235
760103,237
770705,371
400112,430
901105,489
461102,680
461009,754
620102,1198
240213,2800
210115,3199
300610,27
331803,28
241002,37
850201,49
170102,50
920106,51
490705,52
570114,53
640712,68
311404,69
670711,99
400201,106
402002,106
160801,110
610404,131
270608,140
720206,148
380105,157
130607,167
390210,730
170207,1815
470409,2119
571102,2247
370504,30
321204,36
301804,59
940205,69
311105,72
840803,80
500601,82
330409,94
350306,108
760609,109
310501,142
311905,164
530106,176
300113,211
560104,226
760708,264
361504,274
530701,323
250110,337
660905,371
500505,895
800709,1058
720807,12052
600810,13582
700112,174760
760614,32
461005,40
451015,60
710104,60
330803,73
461701,73
900506,116
440112,122
342505,139
760208,155
380602,166
841203,169
500910,184
160706,196
900503,244
341505,272
860407,451
820401,1145
600116,1463
730313,1585
250111,2340
160207,32077
321002,34
400802,64
850207,78
400710,87
410504,96
310506,122
360802,122
520501,151
500511,153
401104,154
650502,155
400108,165
841105,181
410804,193
390507,196
480607,221
920805,414
801703,457
660503,541
530116,2352
160318,49
510608,68
341111,71
311009,74
301609,76
760206,76
411107,90
340512,98
730215,141
920204,143
540307,166
410609,168
640105,238
410201,520
760803,2849
700507,3391
440507,101
710516,101
300502,129
410401,152
342605,383
400604,706
520602,772
900103,790
850406,822
180701,7033
201001,31210
671103,47
320102,56
860603,59
411111,92
401607,126
501406,168
820704,193
160417,218
331901,219
340507,247
710201,261
440710,306
801105,581
600513,1429
620801,1722
670208,6188
700111,34643
312301,94
301008,198
661103,215
430201,241
250807,275
300119,293
300120,310
380401,318
650903,346
521101,949
730203,9784
330527,77
461304,80
441105,113
341205,126
160803,135
810105,151
360117,182
950109,256
301407,278
360509,288
270503,359
620701,423
450202,59
411005,93
310807,99
460715,186
301003,203
470405,304
841106,309
650207,380
800813,397
600904,410
502201,2037
730115,5743
330407,86
341507,152
400405,175
401510,209
401404,242
701001,258
660901,276
860209,347
331608,436
800118,531
530705,541
312303,119
900105,187
760402,197
470701,198
620509,266
411701,297
450908,297
370111,347
450506,383
450504,512
670511,633
660606,1504
320806,144
360707,157
610601,200
450124,229
341502,297
310310,320
400901,430
620803,587
451604,1266
640411,2936
330123,95
300118,136
350403,144
331702,159
440909,159
412101,185
570505,252
301308,253
570512,278
370706,282
810407,282
302501,355
302601,414
470115,422
361001,439
301016,1140
410704,3101
320122,172
770706,175
360112,226
330907,264
250306,304
940202,333
431601,465
420902,725
800802,1056
800810,1263
720506,1580
710613,8861
191203,20704
700513,67486
500610,183
710513,200
410410,228
361009,264
451802,455
480109,456
501214,658
720702,792
402301,904
930903,3716
410505,8160
530112,10726
350412,117
330124,137
412004,147
451408,211
331406,272
301006,316
301215,370
501908,497
411801,641
840706,953
930601,1356
350606,125
520804,162
470104,194
471403,203
660707,231
530604,234
400501,279
311603,295
800121,370
410409,376
361502,445
350112,1415
441101,23009
550403,226
401402,275
450502,503
343101,656
800410,672
460102,1028
670401,193
300705,295
301010,330
370204,674
220503,10225
321006,119
550509,264
401102,481
380303,167
360801,193
411708,6199
220506,16997
450213,106
342401,185
360613,237
440404,291
440804,594
930108,1561
500613,15126
440503,87
320112,177
330106,220
301701,260
301301,361
332204,575
270605,875
800205,912
311608,973
800601,1170
770104,4577
760407,29397
520702,215
401501,226
471213,507
310801,560
341410,571
671001,592
841302,1143
471105,113
312203,282
301014,443
410307,446
650610,713
860201,4930
470801,437
350806,906
560506,1034
360110,182
341103,404
840608,406
400113,509
440618,719
800407,723
420307,1266
461202,2089
930506,3059
160414,9622
180802,473
360405,496
570803,530
360105,648
521203,2670
302005,433
650704,613
300706,660
310425,1374
320910,239
640309,418
311204,442
320711,446
650105,485
640103,783
300907,6571
321007,187
310902,519
360508,719
640107,967
361002,1538
331903,2429
341119,260
160804,335
410903,450
840201,1786
550405,156
710502,259
302901,358
490403,411
450706,547
650608,760
310201,924
601109,924
350803,4985
720908,18555
330901,185
860701,1155
312305,262
310413,266
460606,720
300111,1010
610705,1128
321504,1397
361401,563
400701,563
380601,985
341116,473
450712,480
700301,496
300304,673
502104,703
570410,708
440317,334
801306,770
570202,827
360302,1055
310503,1188
770106,2182
301710,479
300704,593
343203,686
480904,691
301304,875
901104,3507
901302,2611
341004,283
650802,4652
451404,492
501205,824
321404,305
471005,1366
451407,578
330419,732
460402,416
360401,665
900801,3328
312101,451
450201,619
440708,629
300904,835
240802,905
800906,1327
300605,526
450704,562
640110,1102
560602,698
451401,551
620104,2054
310128,319
301705,653
330518,144
321505,398
450605,717
860503,2816
711303,13186
460505,512
510409,548
601502,1349
441303,4481
440308,600
550602,807
342105,1243
331403,442
630602,532
570105,695
361207,1700
570413,2830
770607,6266
320903,444
501703,564
300404,883
530111,9712
540803,1464
650409,1010
470903,209
620610,3280
650803,1819
650807,4744
471702,818
710505,5072
450705,684
900208,3054
650506,3557
340203,259
560603,622
770804,9332
310114,680
360602,701
312003,863
502403,6461
320505,314
500708,1536
860501,2047
620702,1670
341912,2254
301702,773
620606,4778
320511,269
301224,607
840304,3787
650805,2341
360403,2066
930105,9898
620603,1633
720604,42215
490603,1173
571002,5579
551501,468
570308,682
441001,1116
630111,1940
860205,2792
440307,4491
320507,604
610210,4211
301204,693
480402,1227
500805,497
560901,1930
550404,1172
650406,1775
410102,3017
451108,2688
440312,858
800803,4528
361203,3309
840206,14900
502401,25216
711002,35117
360701,1252
580604,2752
630505,809
510403,3071
500203,887
630605,1631
801404,8544
571302,1545
501005,3492
520309,16013
801403,4911
630702,2299
360202,3688
760512,1
140805,2
430104,2
501912,2
540208,2
900703,2
841404,3
920615,3
960106,3
380504,5
500506,5
920403,5
190506,6
570909,6
640603,6
370109,8
500703,8
150205,10
210503,10
301510,10
720201,10
901502,10
540701,11
610408,11
670903,12
920213,14
940915,14
160125,15
340406,15
660108,15
390403,16
730506,19
800301,20
150414,21
801210,21
660401,25
901009,25
700903,30
760515,30
320101,33
630306,35
420105,36
540608,36
910301,37
141004,40
510602,42
960102,42
190601,50
420113,58
540215,60
920503,60
150402,70
380207,85
560510,85
730107,100
220604,105
200406,200
800302,200
510304,250
820105,282
160122,300
700717,400
840809,465
201006,600
420110,900
700706,975
210317,1450
700703,1708
210601,2900
240210,3000
700805,3460
240701,11920
220308,18000
390101,27040
480702,4
521008,7
451109,8
301808,13
670305,21
610508,22
820802,22
150604,25
390310,36
730316,37
820104,38
250210,40
601103,40
660101,41
660119,41
711104,44
670115,46
670117,46
410104,48
630105,51
920607,52
460804,56
370101,58
370114,59
801207,61
190210,62
140804,65
420306,65
710109,66
150403,68
270902,71
380705,78
640508,82
390104,87
180205,95
670302,95
610507,106
920504,138
810601,140
841210,152
500709,192
530806,650
420101,871
760507,2000
370106,2400
700707,2810
390405,6
420602,13
440819,16
302405,22
210502,23
660608,24
640612,28
471801,34
380506,35
430805,36
540308,38
460807,56
830306,58
250105,66
600601,70
730405,73
170104,78
380103,84
610205,91
720214,92
140711,124
660506,128
810115,130
860409,140
390409,156
650102,203
170306,226
860112,230
900305,280
760110,438
310804,558
210504,620
601003,857
730312,1730
150408,1830
240503,4000
540205,4806
730125,25267
501310,13
480306,15
410904,32
520507,40
302008,46
420506,55
501909,57
670703,66
521102,70
920110,70
501507,73
900313,76
440107,82
800416,96
841403,110
521010,111
360903,113
960107,131
600105,148
600908,156
670116,163
180103,170
920505,526
920301,760
901403,871
470410,1034
950201,1510
230104,2945
240903,2945
170106,3847
700711,19815
700808,21620
401002,17
342005,21
501503,21
320901,22
500507,22
401011,27
471603,30
303001,37
301106,38
451014,39
320912,49
461105,52
342902,66
620207,73
601206,84
370502,85
730213,104
841902,114
900608,116
330421,120
601110,121
610406,133
850108,144
250304,146
901118,201
600906,216
940109,241
910701,701
570702,776
901203,920
460802,1453
720114,2185
240204,4060
160705,4294
332105,24
340906,35
411110,44
331008,48
410413,79
452001,81
301807,88
311802,90
311115,93
400909,101
190909,125
940405,126
640607,169
721001,171
800610,203
420308,245
610504,257
620516,302
770305,314
920307,575
260205,1288
700514,2385
670311,3568
400906,26
451107,27
950103,53
451706,68
400401,77
420509,81
400601,82
412503,89
940201,101
801601,112
900307,148
841504,177
671002,224
530707,246
412401,258
920306,392
410115,705
610801,1298
700108,2193
200207,41921
350905,29
321304,32
331011,62
840109,75
640207,87
452003,134
710204,160
270202,162
620504,172
330313,183
400510,204
250802,229
190904,3620
720601,4460
730210,5932
760210,7747
250204,8514
620410,15606
480511,60
160610,112
720105,134
390602,151
430509,180
160208,216
480605,216
900201,243
160704,267
800113,273
301015,323
670507,394
841605,665
730606,6305
470402,72
330703,97
502303,117
270507,140
920109,184
161106,207
410803,214
520204,232
670102,239
650604,265
420911,336
621004,384
801002,485
600209,532
710501,733
550716,1514
650607,1676
630108,2128
820303,3440
343103,84
161005,119
360116,122
461306,163
841715,163
471006,193
370401,195
300124,202
331303,219
250810,224
900504,227
300902,256
630608,269
441304,297
340513,337
760304,373
801003,469
650303,572
730124,1985
540301,2541
240901,13604
302111,15400
302103,18994
303104,84
410402,116
302701,135
450307,169
841604,185
440903,186
300808,210
940211,210
402302,232
600306,262
270201,280
570504,375
800912,423
710111,439
720904,543
660903,1553
200605,13950
450613,80
310126,95
411108,121
310206,131
270610,148
302603,149
460714,164
341907,177
440311,245
570506,347
720903,5600
350111,98
160903,112
350116,131
471206,157
360308,163
302504,187
402003,209
412002,220
660703,249
452002,262
650119,265
480206,275
460703,278
400911,291
670502,291
530709,305
520807,328
330801,330
341524,421
901304,761
451805,833
820805,1328
920905,1807
350904,2640
600504,4041
340113,102
840702,105
640206,110
451016,113
300817,131
550710,150
341104,159
820702,162
450405,169
402204,180
461401,185
331205,186
330413,203
560206,397
312304,98
342006,108
490307,146
400705,179
440315,214
451402,234
331706,260
300801,296
350309,361
610202,468
560507,572
720802,665
440505,48
320605,89
340904,111
520502,132
311806,139
720913,6303
341504,173
570403,176
450708,229
410120,236
421302,237
550902,248
800404,272
411113,285
630109,419
670902,647
361602,911
810111,1148
560111,1334
150503,1788
321015,95
330127,119
801104,171
540806,172
480302,218
343102,523
570502,792
910605,803
620507,1049
160204,1945
840102,2008
320607,88
470403,129
301318,212
480205,221
461603,277
450804,300
411904,326
350203,352
601304,408
640502,660
570606,965
390201,7145
160304,130
401508,147
402404,177
310803,212
490201,216
320702,251
440106,294
330804,317
800911,799
331301,989
570601,3003
710912,4317
361501,4320
670313,5756
710308,31018
310426,141
570515,197
160505,249
302305,255
770406,360
361208,369
310502,384
450520,465
900704,603
610706,856
620110,1492
320205,128
481005,184
770503,196
401302,252
410605,324
640902,477
510405,602
450402,1964
610305,2356
400905,2457
350401,183
760205,197
440810,263
460113,271
520109,318
470702,327
440801,436
471601,289
370306,335
160902,587
601501,658
720905,848
230308,4126
550904,153
471402,172
520202,201
330408,218
670407,274
670406,401
620706,449
380803,463
390502,503
570509,531
900904,913
540705,1148
160702,341
920108,374
450711,387
302301,460
900708,482
461305,648
800605,1386
700201,239784
550901,126
331004,142
550205,235
301717,247
330304,276
350505,678
521206,1192
390213,1680
570111,136
460302,223
640307,262
450410,452
300905,2757
550512,248
502103,365
770303,395
450802,432
520805,576
840213,923
540505,1446
802201,3057
460304,228
841702,458
500912,459
410414,562
410611,738
550706,841
321502,221
330416,308
320908,309
401301,325
400706,397
460116,461
450905,1195
300809,1244
930403,12053
450407,13707
270205,132
401504,215
620605,1573
160305,3428
460503,176
300503,264
330121,324
300306,337
312302,374
450703,367
320513,409
400509,409
470902,613
900803,718
342501,1631
570204,2545
560203,147
312104,335
451504,396
570113,478
361008,826
670506,953
570508,3086
600401,3896
451008,390
660307,703
550108,797
460403,229
460507,355
620609,770
620407,818
480504,370
930602,1795
160119,5424
160507,300
311103,428
470504,557
321401,1870
461601,2877
470203,350
440620,394
400205,474
770505,903
470604,1349
340712,324
360303,719
640606,1293
180508,12148
331607,146
301605,224
301509,365
331405,438
521002,978
620412,1003
302012,1315
440602,1352
800611,1393
461602,544
550514,617
901510,721
320111,271
321403,292
241001,504
130203,11834
331018,228
320116,298
441202,334
550607,506
440301,733
802202,1417
610303,1493
330910,717
400110,1231
301303,336
431602,416
711006,591
550506,1052
341109,415
520707,478
540802,105
360304,862
601401,1293
502205,7412
343002,227
580202,249
310102,432
500607,1162
300125,1723
802104,6568
930508,3622
450803,517
640204,1228
331404,372
310418,435
340710,1658
342202,2409
301220,3289
501206,614
661202,1876
341913,1064
342206,1297
720301,15978
332202,462
350703,550
440914,718
350109,8546
490601,387
570711,527
361010,1317
320302,224
341003,234
341414,562
302006,724
520304,1016
501103,449
310416,608
460508,657
410612,1568
341002,590
860204,7239
710512,239
770602,1636
501210,837
621102,6566
510404,390
530307,426
380306,368
342901,1829
450604,794
320502,356
480503,2157
310906,720
650305,406
461201,1168
310303,567
350807,486
530301,1346
620411,2695
930702,3949
770102,4024
930301,5837
550202,372
501104,389
530405,1001
501601,337
502002,1089
711304,25370
860711,744
580505,345
521302,816
660304,2023
341409,569
401710,3292
481201,908
411905,795
451202,1449
311205,1276
571303,743
320113,694
500307,1719
331705,510
570708,3696
580605,1111
331402,501
550301,763
320501,651
580106,1082
630901,1756
401703,2667
330601,595
500612,945
580303,1028
802304,4546
571803,795
580701,711
800120,8185
340201,963
550117,987
551201,546
650204,2044
650702,1361
500301,2956
580405,1602
540704,7880
500402,2080
630406,2047
501803,2113
930504,33326
502204,3358
640409,4814
551502,1938
191004,1
240513,1
340101,1
191105,2
540109,2
750105,2
660613,3
730204,3
120408,4
141306,4
160116,4
160612,4
660203,4
310720,5
600809,5
601008,5
610401,6
860413,6
311304,8
601108,8
401204,9
700406,9
210402,10
720504,10
140713,11
311014,12
340408,12
601001,12
850502,12
900106,14
390304,15
760120,15
620106,17
520503,19
191304,20
310708,25
140209,26
671104,30
841003,30
920404,30
940213,31
520111,34
600706,35
331502,36
600406,39
141101,40
380203,40
270802,50
420201,50
660412,52
520101,58
540115,66
200405,70
270804,100
730610,100
700401,496
141007,600
190607,800
540501,910
700504,1005
150204,1300
140205,1500
200614,1500
250206,2800
500702,10200
190113,18338
340405,5
170406,6
801205,7
940503,8
630201,9
321210,16
850405,16
400511,20
130602,21
301505,27
500604,27
730404,28
321303,29
400303,29
140814,30
341516,30
220802,37
730614,37
250607,53
210112,55
501405,55
720304,55
730514,60
840401,65
540305,70
140514,93
841101,95
920602,110
660403,115
140902,153
860802,200
510112,210
141604,284
161002,342
540503,467
670320,526
820107,529
200206,1117
180206,1402
600705,1559
150611,1600
230403,2884
250205,3028
200304,16388
260301,17000
500602,22650
150105,12
540805,22
860116,32
530101,35
730318,38
420504,48
140606,49
380205,50
860107,65
250109,67
400607,69
141502,70
540204,71
660803,73
901107,85
420904,90
410415,95
421104,147
540120,154
650120,158
670318,186
220803,326
230109,3150
240212,5500
150308,27
470703,39
570908,45
700607,46
671106,47
461001,54
711101,56
601116,61
841501,62
900712,65
160412,70
440113,75
311805,81
180501,93
650107,103
150613,108
510104,114
630302,119
420510,140
420701,140
420806,142
610403,166
900306,173
150412,218
410306,508
860402,1982
210403,6219
200203,151144
700809,153433
550402,24
850105,43
311004,53
400709,60
420502,65
440101,70
501910,85
230402,86
340410,101
370202,131
670514,176
920701,202
660405,260
510303,270
501504,525
161003,1173
250808,2033
350115,2053
300710,7570
201005,15683
480102,20
370505,43
900403,68
940214,71
640903,87
330107,90
810702,97
720413,98
580501,107
560803,131
800203,138
500503,147
160205,155
501906,161
420703,171
801203,171
240801,275
220104,539
560801,559
720502,617
720508,2495
600502,2800
730116,10404
430704,29
440908,37
430801,49
330522,51
190803,52
340402,59
710401,69
411104,70
900408,71
710702,78
501907,85
411705,94
901602,98
560311,119
520802,152
801212,160
901603,183
150103,207
601117,262
660611,402
220501,3254
560701,41
320121,46
660902,57
340501,99
310427,106
670110,108
350602,122
720404,129
621001,171
150614,189
400608,209
550707,214
250113,250
720112,251
250804,281
860306,531
930104,802
730305,918
711103,1096
920305,1109
191201,15430
940706,18
321605,41
920206,86
440302,132
841006,178
161103,186
420901,236
800612,256
841602,294
801801,320
430105,338
560106,2107
412302,3242
830302,7815
960202,31
570411,75
220804,90
490512,97
841704,105
343104,106
161001,116
630203,130
560306,168
600408,185
300815,198
331504,199
471211,237
841502,238
410506,245
501304,542
730501,548
530114,893
801603,1273
230305,3747
490108,46
450212,52
341118,58
420604,61
500513,61
490703,81
400111,83
471803,93
520509,99
170501,108
360111,137
160805,150
480506,153
310507,175
450501,195
620501,196
620406,330
270510,382
720213,432
410703,647
350402,755
920202,1475
180801,1611
650111,1729
800708,2083
520205,80
760701,113
551401,127
360611,140
330705,148
450110,194
600409,290
330207,372
770302,383
670513,396
961102,588
300104,785
240608,67905
451705,100
810201,180
510107,534
640505,1736
670206,6363
580503,53
570301,67
301601,84
311804,88
320405,90
341110,92
370701,157
440905,170
800901,175
460707,196
500901,271
760704,321
361003,455
301418,501
860302,989
800702,1177
320606,45
311008,106
302304,115
451701,126
810203,139
710116,150
471304,154
710504,154
471604,191
451601,201
460203,212
520504,213
430513,223
671003,278
412005,308
840103,393
570507,427
540105,860
430210,2472
820301,5582
501201,180
840601,203
440314,238
301313,240
460108,254
760405,278
240803,292
930603,303
720306,385
800607,466
420910,470
760409,2292
500603,5003
300906,6219
370501,131
320401,164
411909,173
461402,206
900601,235
302001,244
302704,307
800903,329
301214,341
412201,342
450517,362
471215,377
450524,383
610701,406
400202,3303
331015,95
401406,118
301410,155
860705,160
411908,240
450302,269
770301,279
530302,571
720209,598
800112,1421
720208,3821
700803,134667
500508,77
430108,116
461205,234
900210,243
302009,254
710605,339
450714,394
570302,397
661002,1049
300914,1376
301602,9263
320709,132
630402,139
160618,193
550401,246
301101,248
340503,333
330423,341
670508,431
901402,1061
341412,161
550609,205
901004,235
850103,241
361308,279
441103,306
530706,762
730509,4308
160403,58764
480602,73
470121,185
330202,209
330118,288
303002,300
480208,333
850403,396
361004,629
360503,1820
342207,2289
331017,80
330515,180
460310,217
570208,249
330310,281
431403,287
440316,354
341115,405
440102,479
410302,499
640509,527
390601,564
620404,666
800905,778
840104,783
460117,824
700302,1076
451605,2500
180311,2725
150507,4921
341105,192
300504,229
720708,268
660306,412
670210,466
302703,594
430202,1146
530702,1265
560501,1456
670319,1908
370704,166
350805,183
331801,201
390506,307
360104,320
440105,378
300407,443
360108,518
303101,270
460103,271
490206,297
320701,759
600802,1413
180605,4812
303105,205
460602,285
440709,293
330526,305
461207,312
410701,345
341407,578
311301,581
610110,670
530501,673
930107,2040
471104,137
450617,185
331703,219
481204,244
330306,308
710703,480
343303,482
310311,576
320110,605
640201,818
350118,452
390508,466
341201,542
900902,17459
451704,271
460712,329
610304,1471
350410,129
301603,140
461303,168
310305,244
330806,252
301005,348
301013,365
640310,622
451009,681
730601,32139
451111,109
400703,156
550908,198
460611,328
301309,409
450106,738
350104,828
550717,989
350202,1068
160203,14872
460510,129
520705,273
490103,274
480303,532
361102,1801
450208,101
440616,251
440906,299
301307,306
800811,360
481002,569
720412,766
401701,2737
160322,2850
200606,105036
311904,218
301604,227
450308,422
451405,626
321008,692
470120,859
340717,939
660514,1453
630806,305
480201,331
300908,490
900211,519
560903,709
570116,864
860208,1176
300603,1651
860203,3733
320408,260
490204,370
770405,653
550501,874
340305,354
901301,1526
310405,260
490112,426
440408,441
480609,721
320715,1150
760401,7178
302404,205
460401,307
320307,308
321604,360
301314,447
441205,469
620304,556
360204,247
660702,371
571204,393
440508,507
360507,427
361205,770
650601,937
650801,1010
300114,1068
901102,1337
700512,3723
571203,387
320404,444
370305,773
901112,1257
501107,232
300601,360
300121,2680
410109,517
550701,2096
340204,225
490503,619
660509,1155
610201,3595
530403,374
730503,1061
901511,2457
310127,248
490306,257
471501,691
530305,820
301417,4541
710113,382
840603,593
430204,1276
361202,1381
501215,1581
330415,538
300813,565
500904,8969
440704,789
640403,3292
710508,233
160320,432
340715,605
310401,615
560201,283
450601,567
440601,730
560606,636
451903,965
930204,13215
430207,637
640713,708
360502,970
841801,1454
501911,1456
600510,63863
310106,362
311601,452
160306,2262
501110,416
350303,640
471401,754
310414,376
570402,1453
421106,2736
931002,3259
311602,365
321104,629
650210,915
360307,1901
360205,312
341401,351
440615,922
801803,1207
270704,4004
480801,478
450409,4637
320517,284
300402,938
650507,1177
860601,538
620703,1325
320904,343
770402,1057
800801,1896
930114,3952
340708,767
451002,1411
570203,13442
700203,91963
340202,307
331102,447
470205,810
530901,1520
451115,1027
841701,1476
380304,1708
840205,4307
360301,1207
930307,4594
311114,206
800701,1163
571104,1248
160605,9674
331003,499
550116,970
220704,872
550715,2083
440605,659
331005,1417
501203,1098
471503,1730
770802,4571
160504,910
320510,2068
650410,1512
840211,2092
320126,1062
860210,1934
342602,4857
440701,1147
310604,1495
342103,1902
520403,24906
450801,840
310304,1197
340711,910
341902,1176
480805,1145
650208,882
802003,2955
320512,266
500803,421
360607,1732
500404,5035
931004,7159
340702,4425
441003,604
310607,1613
302903,3797
930509,6965
550713,931
340802,1948
860206,6666
360702,843
580307,922
661203,1583
650703,2508
440501,615
550802,856
310603,2614
302007,3931
471102,627
320309,1297
480808,1944
930201,24004
320305,1049
350201,2421
501604,1083
320308,1416
331001,2690
500204,21610
551202,697
320508,828
860709,1541
580606,1732
580601,3801
650411,9409
501805,1117
550304,1037
630705,2004
390410,1
120306,2
180505,2
740303,2
150612,3
150411,4
220211,4
411101,4
560512,4
940401,4
300204,5
401016,5
901113,5
501901,7
260201,10
380405,10
380409,10
630204,10
900406,10
940203,10
160110,11
180106,11
390301,11
620201,11
701002,12
140707,13
600311,13
450120,15
600506,15
900502,15
300202,20
480404,20
270106,22
150609,23
220903,24
760116,24
820405,24
900312,24
380107,25
340409,35
140608,36
410107,38
540209,38
130604,41
270102,41
820506,50
720212,54
750205,61
801217,84
730303,111
250901,136
860103,169
401211,193
141505,570
720211,600
801204,745
200609,1000
760505,1200
260306,2006
451303,2151
160607,2200
200505,15800
130701,7
630304,8
900302,10
600602,12
441006,14
630606,14
341522,15
620505,15
470803,16
720116,19
940404,19
301801,20
380202,20
710903,22
700117,23
660106,25
710901,26
660605,33
540206,34
601102,34
350607,37
720409,38
730508,38
920214,38
520505,39
760113,40
420705,43
190114,47
760121,49
900407,53
660102,56
910601,56
540118,60
701003,62
860114,66
401801,70
670801,75
901204,77
830201,84
270801,90
800304,120
310719,192
961303,215
300201,231
920502,345
190305,670
350405,1200
160603,1830
190502,4802
480403,4
370606,7
460709,12
220103,14
330701,21
510802,24
300803,34
670804,40
401806,42
400407,46
900501,46
502301,53
660904,54
601205,58
180303,62
640706,63
402503,87
501411,87
540306,94
180104,100
650104,620
670323,663
730110,850
250606,2570
730615,7662
321205,20
800201,20
300103,21
570902,27
450125,30
600203,39
451803,49
190906,55
441004,57
361302,67
640710,73
620205,90
600110,93
610506,190
930502,501
321301,668
670606,1318
720803,1850
470408,20
480603,26
321306,36
330903,36
460905,57
670402,59
301404,84
180606,99
401604,151
661104,152
390108,168
540309,207
150505,210
300112,257
920304,294
720407,337
600201,382
670321,391
730105,1292
720713,3033
340108,5657
311006,22
640705,44
341510,52
150504,53
401403,66
331501,89
670806,104
440310,108
160124,114
801702,128
341515,132
331904,136
521104,136
450305,137
640904,168
841606,170
560108,180
130205,203
600402,242
170604,362
950116,467
412501,640
260307,18266
600807,61
321603,63
800107,81
311109,105
660411,176
830301,220
330908,247
730111,1086
400602,1361
610610,5053
710610,7078
940207,49
250806,57
480512,63
440820,108
300708,132
451001,134
710202,138
330112,143
720107,165
640106,169
801102,291
601105,352
800908,857
451007,1061
150209,1230
250706,2707
621003,2956
250707,3439
350406,14
480401,21
480608,28
331002,44
300702,74
401605,74
401511,83
320202,89
451708,95
841201,109
640711,128
300108,134
801202,140
342506,144
600512,165
901604,174
390105,250
710603,251
850302,437
300102,494
530904,497
901101,713
530406,950
460205,1594
801302,2089
360902,3206
451101,36
321207,71
461104,92
460906,97
450306,149
400109,182
481004,207
800119,289
650605,329
340713,341
610112,595
410203,1075
661101,1239
430205,1444
710107,3695
700715,18327
550903,57
800415,58
460201,76
300703,108
770401,114
440907,120
400912,130
600310,130
700515,157
550103,221
800603,253
720202,280
700505,285
800401,404
630107,689
521001,743
900701,758
770407,1053
650116,1318
500108,105
450210,106
480110,118
920120,127
450207,130
310203,134
610609,140
550709,155
720907,174
301412,260
720207,263
370503,313
801001,411
800707,427
720909,5475
201102,10613
700602,39
330301,70
330603,103
570905,105
801903,135
270609,177
270612,177
461204,177
332002,210
331305,360
640611,698
412404,761
332101,3200
302401,48
490706,146
411902,152
452005,186
410618,192
412203,200
390501,222
940215,238
471220,301
571603,450
401507,781
311604,1329
910302,3815
411709,5324
160123,7331
430502,109
402401,185
920114,200
540401,236
330307,291
550703,446
250303,547
610204,602
350812,1941
930401,2349
820406,5172
490110,7195
700105,131826
401617,56
170601,146
560802,148
330902,193
560601,212
451012,288
841712,303
461208,310
640801,396
300109,398
350103,650
640702,919
160701,5575
420303,5732
620112,19085
530504,110
390207,111
850404,128
450611,139
901008,164
451702,176
490701,191
402201,204
920119,226
401405,228
320713,244
361307,259
860504,275
302106,301
610602,310
400503,341
401304,344
670409,346
331304,449
520701,462
640901,469
330314,479
601303,517
520110,585
720302,4973
710301,40441
411704,102
820705,157
770504,198
330201,201
610611,201
330402,235
450701,255
400102,257
410113,284
361306,308
801602,352
481101,362
521205,1814
730123,7289
330104,187
312202,227
330311,331
331203,360
301502,369
471221,404
502202,479
610302,954
470404,8022
302403,107
461802,136
760702,202
450303,239
360805,242
440410,242
760403,285
530602,331
440110,336
570603,383
450904,583
930402,1480
300210,2890
530808,2911
320201,137
451018,163
461301,168
330525,202
421205,217
330205,224
450907,411
900104,1291
610407,10695
303203,165
320103,204
370304,230
320906,241
302801,266
460105,280
490202,285
301714,353
400107,640
640406,2259
440915,92
470202,174
330509,258
550503,265
840903,567
270509,595
510408,702
801905,1046
500605,6124
570121,163
370607,213
302302,238
841707,334
471004,370
340803,395
650602,647
920901,2369
580504,91
320109,143
330805,284
360501,408
800703,1318
180404,4404
480509,206
412303,281
490205,295
550711,339
460704,344
640707,524
331302,2009
540304,275
310309,605
650810,607
301416,1336
700202,26011
500205,154
440406,293
480108,418
770604,432
401303,508
770105,3467
160302,170
461504,771
800403,1007
521204,4751
321017,159
860707,277
412006,338
340901,355
361601,963
900505,1094
650301,2261
471107,114
321009,154
470503,311
340304,368
310901,719
620704,818
600804,2110
710612,13055
550513,165
412102,435
440405,4187
490405,158
730207,260
490511,344
361404,617
440205,637
900603,674
331505,884
440619,1783
770404,6784
501108,177
310118,199
460512,244
320604,253
311701,301
310509,369
650609,400
310805,459
370201,897
330528,169
650505,908
301203,969
420903,1256
270701,1624
300607,263
412103,550
360114,552
930902,2712
510110,32645
490305,294
310903,489
570710,548
341204,653
800613,1562
720411,3278
320705,411
471008,447
360703,347
331006,371
150702,792
530711,1574
841705,342
402105,414
350307,448
411106,723
470102,383
450102,655
550106,232
502101,251
360410,427
460711,692
470904,151
310207,159
320805,213
301405,1642
900804,3170
660706,6114
930205,3086
450510,679
450117,787
361201,916
360306,2138
650206,1193
501606,215
330604,260
840609,574
402103,766
660804,1114
360704,2643
710905,3055
350302,530
550203,612
810406,1737
530902,957
360601,5254
630801,356
650302,390
550601,498
630607,536
840703,666
310108,335
340211,359
490505,411
711302,6521
730206,13086
160308,5243
270306,401
310103,469
400204,629
841706,1729
360309,1522
320104,650
550605,929
412204,1210
490507,444
440201,942
342402,1157
620409,1791
530109,4953
441007,529
440604,1194
640802,1858
840207,4015
700508,4122
340206,351
570310,622
431604,661
451005,749
160301,803
801305,920
630603,407
411713,415
440809,614
440606,830
302702,834
302002,1035
342203,2978
700206,17979
551303,399
343304,836
470811,817
551001,737
320114,403
310307,5319
340208,281
840208,1752
840606,2268
530401,897
320107,317
730209,532
441201,751
841711,1098
600308,4003
521003,541
551101,1714
650201,2168
312103,363
930302,3390
610203,1768
430113,31350
640304,1143
550302,708
360409,1013
411707,5404
320601,468
802303,1719
501007,2648
500906,1868
640504,929
310610,1389
841709,413
600208,2945
560401,1961
401905,740
580104,939
620902,1714
380301,2135
840209,2481
571501,609
800809,2618
160510,3590
331401,910
360402,1464
500407,604
580203,498
500905,2104
620901,2220
840203,5231
650612,14016
640714,670
501602,479
580105,1049
500405,739
520308,2695
571201,2223
550610,704
520307,4129
930703,7826
550102,1215
320504,1121
480905,1170
560605,311
630803,1148
650705,2334
630501,607
500609,546
800804,2237
310611,2843
342101,2688
931101,20232
860703,1361
630704,983
802004,3224
571006,1481
521304,1641
630405,975
340210,1929
630403,2127
140710,2
580506,2
250102,3
901005,3
961105,3
380201,5
941203,5
110301,6
191104,6
250801,7
160617,8
431702,8
720405,8
730211,8
300211,10
311111,10
141507,11
540601,11
960502,13
130502,14
501508,14
940904,14
430503,15
940701,15
220212,16
700902,16
860804,18
501402,19
810603,19
270101,20
390112,22
960806,22
401804,27
250708,30
390402,35
760115,35
260404,36
191011,37
801218,39
610502,40
150203,50
660103,50
660120,50
700807,80
730604,92
130303,152
180401,1132
350501,1300
240506,1500
380106,2225
190405,3120
250202,3361
630303,3
321305,13
600808,13
730612,14
760302,14
420706,15
311101,17
150207,19
160602,19
260302,20
720410,23
451106,24
140416,25
160502,25
480709,26
410202,27
720414,28
411907,30
710602,30
620403,32
840810,36
130703,42
560118,46
501410,49
840501,49
161006,50
340119,54
240904,55
240510,58
250605,58
380701,74
940307,75
730311,76
601005,93
390211,98
390113,165
801802,186
110505,235
500710,379
300208,465
670315,1155
530105,2555
810506,4247
170407,12
500116,19
321201,23
801604,24
450805,25
340418,28
421303,39
430521,43
402504,45
930202,48
711202,49
860411,54
710207,62
730502,62
610405,84
650117,92
431701,97
601202,113
801501,125
180403,127
920609,141
901508,151
420305,180
730108,1173
750213,1248
950202,1330
221003,1848
730106,2170
250702,3015
190903,3025
820504,3100
200202,3578
210306,3650
412502,20155
430118,15
900101,20
410502,24
470116,34
310721,41
920205,45
311504,53
451804,54
170404,59
370115,60
340510,65
301420,67
530303,81
301401,89
160409,93
110104,104
420704,104
650110,105
341112,109
860307,111
361007,116
600115,117
420406,118
841505,149
860104,229
750203,333
600603,375
820402,390
620413,784
730315,1117
760805,1424
510203,1461
510103,1865
250704,2465
240805,5153
451017,12
332003,18
332104,39
311002,41
321702,41
461006,56
840806,61
311012,62
342504,63
940208,71
411807,88
760117,117
600309,118
620506,126
841303,143
180609,205
160111,217
601004,287
830303,312
670312,315
800910,320
670503,449
430206,460
600509,717
300805,1289
630206,1302
240105,1876
210107,2356
710303,4551
720120,4800
240106,5369
450808,26
220702,36
500911,59
710611,61
920201,69
710402,72
521103,75
301105,89
180107,90
810704,104
400117,127
471216,130
471208,136
400105,162
160621,188
300701,303
501204,658
420505,33
481007,34
900402,52
303004,57
461705,58
160506,62
901507,137
420905,149
670807,151
490514,162
802203,237
270903,291
540605,336
660109,866
180307,1181
210605,1363
600206,1735
410111,2037
730120,2722
302102,98799
470109,34
400403,38
350411,40
350404,55
440313,59
451806,67
530201,73
411103,91
250305,118
350701,119
410403,123
840108,142
380402,168
841601,210
250104,218
270508,276
510302,497
440309,1095
210505,3337
940402,44
320125,49
850205,60
320409,66
330103,68
150606,130
920801,145
900401,151
570513,165
502302,174
460904,212
331506,224
560115,233
331206,265
620118,291
170208,452
530308,521
801611,627
410501,835
901501,906
860301,932
730515,1535
510205,3104
730112,3192
210507,5844
710302,11137
250705,12065
620117,15174
700506,19465
480604,43
341101,64
451801,84
401505,88
160802,104
610704,124
390605,139
451501,140
270207,141
410305,148
801208,159
321705,161
170103,171
661001,196
330707,213
901114,214
610509,286
800115,314
901503,320
341123,358
530807,375
400301,456
300709,530
800711,1623
760123,2457
161104,4836
450211,66
520506,87
850401,95
360803,157
501510,161
620903,165
570802,234
860202,246
660602,284
551404,318
560704,373
650907,378
510301,502
410206,602
801606,1380
341107,67
301503,70
350113,94
490207,95
480502,150
340909,159
471210,165
670510,242
710206,312
431501,362
801106,409
331905,418
510201,553
700307,53
350408,120
310204,125
330309,195
400610,211
640205,230
900909,282
402303,294
860702,317
841607,473
500705,1067
660409,1347
410802,3147
570107,71
331024,78
270613,127
170502,135
840406,160
411910,180
501705,204
560703,232
400206,254
430522,355
720603,628
411706,791
920903,1021
370705,1333
660302,1623
361103,1665
360901,2262
801906,2327
700713,9462
700802,11602
470502,89
430508,181
670404,209
330812,224
461703,353
460608,1545
720804,6424
710904,11860
342001,108
301902,146
343204,149
160611,166
560205,195
451013,227
361209,246
452004,401
530708,569
650904,633
250302,10450
320203,105
311607,137
370702,137
800409,168
341918,194
900310,201
820701,202
850204,202
330305,219
350814,221
311901,227
401101,228
500903,422
670308,676
301704,758
300802,804
800913,1016
303202,1600
260308,12736
341122,83
301007,102
320801,114
342403,145
420601,155
310306,353
471214,410
342903,546
601301,624
431402,1041
160609,1405
930806,4036
410116,61
270307,134
800807,165
401612,230
302602,255
330204,258
400603,290
800504,1054
770704,1707
460104,90
300501,141
340104,176
540804,183
410503,281
360106,329
640202,469
801902,715
540707,897
420301,1036
600207,5488
571105,31161
160604,175
300403,267
451606,368
310302,573
920902,889
800904,1818
840212,3011
301607,113
410617,135
431603,152
600806,170
490304,202
720715,261
303201,274
412202,284
440103,402
900205,637
610612,3345
302003,15483
760806,59
340207,159
441301,272
480204,278
411906,387
840705,479
540703,853
800909,2422
700304,3127
240107,14844
311605,135
501101,162
330602,167
330513,218
370404,240
401616,288
521201,400
401103,434
303003,464
670512,629
640804,1495
361303,2223
720605,19177
451011,144
400708,161
302804,288
301905,330
650501,489
380603,592
900202,770
930115,790
640506,1343
301402,8040
320306,151
840604,290
302502,376
390503,761
640102,2657
343202,13294
800405,491
860502,625
801301,1442
480901,224
670203,232
320907,290
480202,331
440403,369
640303,374
361104,384
920115,518
570503,535
330605,215
341108,602
440109,1090
411702,1897
240607,11241
160310,18151
471404,205
470704,250
410601,292
311016,299
331606,311
600304,589
840607,844
150610,1435
300604,5356
930804,16773
470107,339
770805,2647
160509,3304
461307,132
320204,204
340907,245
480113,321
331605,392
400902,465
451003,722
521006,863
510702,934
620119,6183
310120,22056
341914,242
330504,337
570703,560
471502,592
650211,690
460603,731
620107,835
421102,952
341008,179
461605,311
930112,1233
720111,3854
860304,4251
331007,198
341911,314
460701,467
270302,472
471007,504
931104,1244
570712,1251
410602,4462
610209,588
770801,760
330206,1047
490107,164
401702,412
441204,665
551402,673
900901,15850
320913,294
450713,466
570401,531
340911,587
520203,665
900710,865
770103,5267
460111,436
560902,479
340303,415
840202,484
421201,588
570511,4478
570804,507
311203,985
770803,2898
300406,396
270204,438
330915,532
440204,775
310104,1153
650804,584
570104,646
711007,851
620115,52767
310909,695
841804,1219
571001,1740
321013,226
460106,430
380305,589
760404,5220
570106,154
490105,255
471002,458
350205,1182
930109,1310
342204,1603
571402,434
600407,661
320704,740
451901,899
342201,11200
320119,310
841603,1330
400702,223
841103,2408
570412,613
930305,1895
650509,5423
640510,879
502003,320
330203,603
470204,975
650508,3177
481202,515
770204,872
551405,1133
461502,737
571004,349
312102,440
571202,563
640302,705
302904,774
560403,1047
610206,1171
770601,1964
710515,2030
320514,220
500611,466
332201,548
451103,721
460303,439
341403,782
341906,1136
501303,1817
330909,517
470809,757
500707,455
451302,576
841714,889
440202,1075
370307,1573
841713,720
330507,433
340801,750
580402,856
311110,133
471705,492
510406,991
401704,1120
480903,1256
340301,901
330911,507
440705,1271
520704,566
331407,757
500206,488
620604,1463
650809,8732
570112,429
342102,1398
900903,5563
470112,1142
580201,391
930306,5483
430110,10887
570805,1671
550801,725
661201,2055
711004,6091
570409,955
550109,1646
340805,1414
510401,965
150501,1183
501208,1437
900207,1048
460506,1207
471704,896
650405,3521
330303,1186
711001,12722
930111,4436
150607,5092
480802,1296
520402,2081
501105,959
770206,1795
500308,2232
550604,2099
510501,1932
501806,624
801401,4232
900206,2715
550204,796
571802,1579
630609,1179
500804,972
620303,2799
580703,1603
500406,1639
840210,17543
580702,3786
630703,3100
501801,3493
210603,1
370112,1
841211,1
141304,2
401803,2
480712,2
901404,3
110503,4
140601,4
490102,4
540404,5
730402,5
401017,6
401808,6
671101,6
901111,7
950403,7
240110,10
250214,10
711203,10
380112,11
720109,12
310715,13
520116,14
610105,14
340401,17
820102,19
150112,20
150601,20
460806,20
730309,20
710309,24
920302,24
141303,28
770703,30
760107,33
600709,48
140809,50
310710,50
600312,50
130706,60
830108,60
180607,64
450906,66
940711,75
300207,124
670107,174
260401,200
200613,300
540302,453
190907,500
210802,551
430102,600
220209,900
190204,905
540214,1150
730607,1500
240108,1800
210302,2000
720104,3500
411911,6240
260405,7600
220207,7900
240606,3
671105,8
390308,9
260204,10
370108,13
900409,13
302505,14
540402,15
540111,20
801607,25
960103,25
710607,33
301107,40
451608,40
140815,43
180204,44
510111,46
311405,47
220701,48
402501,48
910505,50
311406,52
841207,56
330524,60
180602,62
260110,63
420104,67
800706,67
530803,70
841202,70
820505,84
420112,85
540207,87
400505,91
230501,92
520114,99
620105,114
960104,115
530804,120
660508,120
500509,170
230110,185
140802,210
150104,230
910102,250
801216,315
600901,410
260407,534
560113,682
240113,1325
250207,1520
220902,2130
191202,4317
830304,5130
570102,6547
200502,15375
200602,20063
410114,4
571604,12
940407,17
402505,29
860801,30
770707,31
330510,32
801704,33
461503,34
950303,35
640402,37
370116,39
330709,41
700205,43
670307,45
920704,47
180601,49
402004,64
270803,66
250604,74
240605,77
390305,85
160117,89
400404,91
500510,96
950110,125
260203,134
130207,141
840107,316
460907,347
420109,402
941202,438
730505,897
190603,1483
710108,1944
230307,4500
200615,5949
420501,15
321206,22
370506,24
600708,32
720509,40
560112,45
600905,65
901401,66
720108,70
340508,79
841401,84
501202,95
370604,112
901116,112
220106,117
150405,129
800705,129
430116,137
670604,165
390111,218
180102,289
801610,294
760118,444
770306,790
410303,1884
810507,2420
260107,2563
560110,3473
302107,8845
610614,30
332103,32
840807,34
470407,38
471212,53
330702,54
660204,54
390205,56
460803,60
810403,74
900705,107
301315,116
370203,125
720203,155
670314,162
411806,203
901108,223
150410,254
920207,988
900209,1243
720911,1353
730401,1649
360102,19404
451105,15
320209,29
330105,29
230404,39
350610,49
350605,51
600307,61
520903,85
321701,89
150109,100
331503,118
610104,118
720205,121
501311,122
670704,128
650118,174
710705,204
400606,265
620508,363
710601,1211
620405,2136
860410,5182
510607,8856
250902,24153
600303,44
560309,45
710802,92
450515,120
710911,164
810202,170
670316,188
510105,237
730403,372
700710,882
730104,5680
341006,34
400115,62
571205,97
710406,98
301608,104
451006,105
301901,117
402001,137
610409,138
460902,144
300410,174
860403,208
710704,227
350114,253
670317,262
900711,454
150608,817
402403,961
180704,3671
330116,41
220801,57
710105,60
300818,70
571103,73
640805,83
411711,84
330912,108
410119,126
430106,150
441104,156
430111,159
660301,159
451607,167
660110,170
440303,176
650902,183
650112,211
711102,220
342606,245
470603,292
610703,378
640501,481
270405,493
900607,643
342209,697
300203,731
180302,754
720901,2773
250208,23855
530304,53
480105,80
310809,101
410406,102
301512,112
341121,132
840404,157
510117,187
840801,238
160406,283
670111,315
330425,319
560804,475
510701,2508
180703,3656
161102,6308
600803,10869
350903,64
340107,74
332102,95
341102,101
850206,126
500504,131
301012,178
460702,183
390206,187
660408,209
901006,268
650504,925
190905,2725
610109,4159
210108,7602
210307,16720
671107,44
342003,57
760802,78
620202,89
350902,91
570903,104
320803,121
480311,122
520508,168
560702,216
430804,275
471207,348
800606,613
300301,55
460204,84
490406,95
320915,99
441107,127
670603,162
400106,246
630115,628
300804,1534
420803,2529
490604,92
400410,122
330706,136
430109,271
710701,325
450522,333
550712,393
860406,741
341106,1122
471605,88
311106,96
401509,122
431401,172
320304,226
320716,251
360904,292
610410,313
361204,320
160405,3894
250203,14600
960208,59
270301,85
501502,125
490303,155
330111,169
460107,214
350308,252
342502,258
300903,302
920104,327
361304,349
661005,405
610107,432
720110,1107
850106,8856
340112,109
580302,127
440401,199
342208,213
850202,266
840602,319
650906,441
620802,573
930512,712
510605,1411
530805,3920
930803,3996
700604,27995
341001,56
343003,77
501706,186
451603,204
170305,217
170301,355
400114,398
301409,453
341526,497
640407,1797
620607,2870
411112,17713
470113,185
480601,198
270511,264
521207,307
501305,443
560508,460
600902,4438
230302,28530
471108,83
570514,130
340511,172
311703,213
460311,228
640503,244
560706,412
841104,492
860405,549
650901,1409
840701,359
770608,406
370205,461
700705,10365
250301,18742
460115,151
331802,197
341120,200
300408,211
361301,294
471602,338
330810,414
501702,468
380702,553
201004,38832
270604,79
450206,82
300305,162
450710,233
400103,308
350811,617
410606,2252
361503,2711
161004,240
330312,346
361603,355
180702,3673
160202,5544
450612,338
801701,469
900709,723
470501,2720
300810,322
840301,411
810205,422
401401,431
341909,434
480708,189
310806,213
340709,403
380307,450
900102,926
460502,224
490106,245
321601,302
360407,374
330424,405
180402,1601
300812,1685
460509,2209
390202,4321
400118,5111
400806,160
530202,207
630902,213
461403,290
450707,353
570605,438
480312,446
900204,623
930607,777
461206,1225
510106,1243
310424,154
841708,215
451403,275
300302,313
502203,403
650306,547
341508,685
610606,1767
450603,260
450807,273
331604,305
370303,488
400506,525
450614,597
410801,598
410901,915
350107,1348
460301,1614
550714,251
302303,320
402101,388
451902,670
300811,996
501306,4294
311501,122
560307,164
350810,373
300807,383
321010,668
301606,1247
341007,162
400805,220
320802,392
301004,533
630903,763
530703,993
320914,138
441203,215
460308,218
341202,339
901505,4488
480508,264
470505,425
461007,534
481103,1749
620103,3055
930802,5110
401503,203
800503,718
860404,4274
960203,232
310910,331
711005,338
550608,481
730202,556
610613,2083
500207,169
500802,187
160622,455
360504,540
571007,755
920806,5893
421402,327
490401,362
160608,507
630114,1621
801303,8541
440104,442
650108,2713
341113,402
350802,446
330914,583
450606,229
770304,474
440610,921
330302,1036
930606,2177
450408,116
460504,510
570115,1523
540706,2058
730114,15831
440904,578
300611,795
802001,898
570303,1174
800108,1200
400804,300
370302,666
331202,989
800116,1076
570305,1325
550511,169
320902,332
630604,346
570501,1565
800502,1863
720714,14305
320106,239
480107,264
550705,1047
160109,173297
361403,629
710706,930
310403,3465
341404,226
411710,258
930501,3361
550510,1232
361206,12520
160613,478
470117,534
501905,622
710510,376
302004,1397
841710,463
520605,621
302805,756
401705,5672
170302,639
490301,741
300106,650
551403,1707
301716,504
770502,1290
160508,2539
480804,604
460601,1271
510803,972
550406,307
360406,1044
471703,515
610208,1534
630610,421
331603,472
501106,635
640404,1234
620705,1487
320518,213
321503,372
310112,649
650209,1295
521004,2639
421401,666
550505,1170
440901,390
360115,642
550504,1023
420912,1781
360603,5871
150701,1664
450401,1981
480902,2735
650408,1273
410304,1765
560207,449
630805,607
571701,640
300405,1094
550606,1157
502306,337
321102,711
502102,880
570701,1188
520303,5434
600511,2220
240602,30741
450709,757
350204,1174
310406,1819
510206,487
321101,648
550107,1056
451113,1598
310122,636
451112,1140
310119,535
340804,1205
640306,3274
440607,1995
310505,535
802301,1089
640410,1307
711301,6702
551003,398
310113,960
490602,784
400704,836
551103,1332
490104,912
310508,1164
580206,458
421203,1624
401901,502
930513,16594
580507,409
560604,555
550804,711
841803,2638
580403,611
401706,2223
650407,1415
320515,1737
580408,620
331602,618
502402,3537
930505,6965
343001,744
560607,359
650401,1958
571005,1095
502001,652
360107,1012
451203,2501
500302,2675
551205,551
801407,4835
630804,1164
451201,2005
520708,1749
501002,5792
571401,1300
501605,793
571304,862
510801,2215
801408,2069
770202,1864
650202,2921
650113,7133
580205,1240
580306,1247
320509,478
510503,2297
630503,1181
501802,821
930604,5229
301001,1
850109,1
191102,2
860803,2
941201,2
302109,3
410118,3
660406,3
150406,4
180105,4
250107,4
540107,4
540213,4
120504,5
330511,5
401203,5
480715,5
501301,5
502305,5
670109,5
190111,7
120203,8
940305,8
350601,9
720503,9
301809,10
311902,10
411805,10
470303,10
481001,10
860108,10
250602,11
730320,12
910112,12
220805,13
370110,13
400406,13
421304,13
921002,13
160114,14
460901,14
260103,15
901509,15
390411,19
140908,20
210506,20
460808,20
480701,20
610111,20
200903,21
380204,21
940902,22
571605,23
270104,24
800604,24
390401,25
670103,25
390114,27
141301,28
120303,30
540303,30
660612,30
150202,32
330808,33
860109,34
110504,45
141511,45
670304,54
960803,59
390407,100
730214,106
200702,111
730121,150
760514,150
600204,501
210801,550
240310,600
730109,795
640602,1074
700103,1100
510606,1153
250201,1543
750103,2050
210318,3000
700119,4800
260304,6000
200504,11000
140813,4
710608,5
230113,6
170603,8
370602,8
270603,9
430802,10
330802,11
340504,12
130702,14
340111,14
470813,14
390408,15
480301,16
640108,23
420802,24
140203,25
520118,27
670403,27
130601,33
380403,33
390107,39
850501,42
190901,43
250211,46
810805,51
150415,54
900404,55
730511,74
640104,98
720406,100
160107,102
200904,103
860412,104
510108,105
421007,123
330708,154
240509,306
250601,620
730314,679
800303,770
810508,830
250904,986
200107,1541
230303,3700
920614,14261
311401,5
540607,10
270606,11
940408,17
320208,27
311104,28
260202,35
760209,42
420107,48
600505,50
411802,53
710404,54
820508,60
270607,68
300909,70
470101,73
130608,75
350110,82
180504,94
301802,109
840110,109
801503,134
720210,138
420302,140
670309,141
130707,191
670201,205
730310,248
420108,640
700110,1379
700603,4011
250709,4631
250209,34273
150306,48567
210310,51216
700605,82310
340109,15
310705,17
311302,20
160501,25
480207,27
300122,28
720710,30
720704,32
330521,36
160309,40
470814,52
310702,55
450118,57
920501,60
160901,64
720912,64
342603,66
850402,66
520201,67
760105,75
841405,78
910303,95
180109,122
221002,124
800406,132
600701,149
412402,173
650905,259
200401,790
400605,1264
421010,1338
910702,1800
720805,3056
700719,46246
301504,16
191107,22
960201,24
310802,41
411105,41
760303,63
720703,71
420404,73
350502,75
600508,86
650706,98
600907,141
501412,152
920211,152
801211,213
560105,380
220508,2086
600503,2102
720801,3040
170605,3130
760502,6120
320403,26
331201,45
610402,54
270309,62
401613,62
410407,64
720507,64
460706,73
760618,81
400907,85
670504,88
841901,91
501404,112
900303,113
760408,130
400207,142
450507,142
141509,146
361005,153
730510,164
650503,168
340415,178
400408,185
160905,186
610505,188
600403,274
610301,416
430208,633
801107,1023
610803,1655
920413,1971
800204,2114
700804,17759
901601,49
401512,58
410610,64
540210,80
820305,81
461209,89
420508,97
710103,129
160404,178
560502,192
800106,215
190801,219
470305,309
450903,413
801101,458
841204,648
610108,688
161101,2228
920117,2653
730201,4169
190804,12092
920105,45
960205,46
560313,56
321703,66
710110,72
350604,74
330115,94
302112,107
470301,123
361006,129
400409,132
810401,132
530601,136
380502,167
841703,187
301103,194
600405,213
560509,344
600605,552
660801,802
820803,1290
510113,4378
260310,9500
700708,17580
410117,15
470111,132
440114,133
660107,135
430506,147
330119,150
461702,164
660604,164
301406,191
710106,194
521007,306
920616,322
600604,405
411901,1106
920303,1134
800305,2538
601010,3832
700601,20776
500706,37
321302,38
440511,54
521011,62
640609,70
470812,95
471302,115
350603,121
640203,131
441008,146
840403,150
400203,162
401601,177
530203,205
420603,242
431505,250
610113,327
900507,387
670501,401
610605,435
520902,460
610802,909
710509,1155
500501,1280
460202,147
670901,172
401005,263
670505,278
660202,315
600302,405
410105,802
860408,949
730205,968
660802,1850
700503,2636
520604,4045
730113,4614
700801,154497
400305,137
440108,163
301403,182
250108,194
461803,231
540410,252
530113,478
300806,579
930203,1421
720602,7602
650611,11574
700812,69909
320714,101
540113,106
430701,126
402202,169
410301,222
570118,238
800505,309
300707,322
720204,468
411812,546
420401,722
570103,2717
600501,8377
440913,117
440817,172
660701,191
441106,209
450503,366
270501,376
180306,444
650603,1447
801502,2028
550407,105
331704,121
640613,209
150502,220
470401,227
570405,405
520806,419
841301,715
180803,1137
560511,1296
931102,1731
321001,52
331016,127
471804,128
480501,155
330807,160
570404,167
311305,199
461704,215
461404,265
430203,287
450123,319
311112,346
481006,349
620206,399
810402,405
440911,458
600305,616
302402,663
650806,675
900707,682
801904,895
760406,2649
160615,25055
470406,88
350901,268
451004,313
550502,317
441102,1470
240211,9400
450809,150
720707,226
920802,228
640803,239
303103,309
920113,330
450902,408
720706,4691
460511,100
430119,101
400712,161
402203,162
460121,284
600404,305
471201,308
560505,355
570705,378
920107,384
361011,439
820304,943
330506,75
490702,112
580301,227
343201,307
570713,343
660305,478
530704,665
800902,782
900706,989
370707,1746
760204,2255
450104,215
700511,231
502404,261
301903,311
380802,311
930106,561
330308,575
860207,842
320610,121
520703,157
440409,242
480115,255
520510,289
640905,296
350301,299
550105,349
360109,357
560314,395
400116,412
380801,577
710305,8898
720113,14785
860602,145
360511,194
461801,226
802002,249
760801,260
840405,269
401305,287
410907,290
620608,350
620707,443
410404,570
710606,1702
520606,16856
720910,24329
451410,103
530603,163
490504,189
760804,211
303102,230
360118,258
451010,332
301002,333
671004,2535
160201,8780
450301,125
470103,137
361105,167
331701,178
710503,237
460305,307
310504,503
420913,1183
301508,1492
720712,3577
302604,213
610207,341
402102,349
330411,407
421301,504
480104,183
360408,408
340723,600
321012,1474
412003,2550
260309,12200
311606,197
341910,372
530710,809
570602,809
312201,188
330406,405
470602,537
720305,1369
551004,131
490704,175
341114,337
412301,704
270611,746
720303,1042
650701,1232
800806,1727
420507,251
340903,341
370301,351
440805,910
410614,3286
850102,309
920904,586
620111,674
430705,731
342205,2045
770501,192
330315,422
440910,481
441302,525
461203,954
570706,1436
161105,2484
650811,5956
450607,169
331101,170
341919,621
320120,186
401807,309
301317,387
802101,551
920118,1166
650402,5355
860303,6002
360610,7120
331204,346
310415,369
343302,416
920804,790
270502,1153
450412,1216
931103,1484
571702,365
501102,392
160303,554
490404,314
342404,383
550206,461
840302,717
501111,6768
521005,301
440707,387
490111,303
670706,838
801409,1576
570120,237
530404,793
420906,797
551002,344
480809,391
571801,516
530503,550
551406,695
621103,983
640401,1398
410702,3712
360305,16600
450204,328
341413,384
321501,376
360606,500
361101,560
570206,702
460120,825
342604,1301
300613,1397
330606,198
370403,441
401610,455
360804,545
440203,842
390505,614
551407,1053
421202,767
560308,894
470106,943
770403,1777
490605,372
450209,345
840704,408
320706,552
671005,2059
451406,726
710517,258
343301,717
361402,1016
570704,1386
360605,8834
530402,579
801405,2710
510402,4108
620113,177790
321105,515
640408,765
450404,19312
700718,49497
520603,540
841802,1229
860704,1473
630802,400
440812,971
330906,397
710511,422
640511,1224
440802,1871
510116,36986
350304,966
341408,501
551102,924
430107,1111
311202,1199
500401,1820
840605,4831
500801,272
450304,770
342104,1183
550603,459
360412,829
310417,594
481203,807
311502,264
330414,931
460501,846
302902,1034
332203,548
580401,589
310408,685
270702,1936
310308,39486
360705,431
440703,1019
500606,438
330420,968
480114,1483
580406,318
802102,1132
451205,1029
301703,696
480106,701
360206,43635
320303,433
450411,1164
340806,1120
470118,1241
321103,2026
640305,1297
660115,665
802302,1074
580404,404
571503,473
560312,1722
440304,584
401903,693
571403,952
580304,590
621101,4519
341005,779
470901,958
501109,674
311102,657
440608,1978
500304,1126
320402,1898
931001,4182
930605,8630
320516,418
471009,2280
550702,4939
580305,748
550704,2751
401902,881
650403,1356
520301,7590
301208,1155
520302,19011
340209,852
620302,1554
801406,6618
301207,899
580602,655
930516,18704
500303,1391
580103,866
510502,4484
401904,1318
501001,3392
480707,1386
580204,723
571107,824
340716,7145
440305,2155
340704,9999
860710,1593
640301,2478
301206,1178
661204,1212
800122,2911
521305,715
360203,2933
480706,3766
551301,1288
340706,6461
500209,887
180503,14746
580102,1075
930510,16885
630504,916
630506,613
520404,16128
630404,1540
501804,2808
540606,9757
501006,4872
501004,21911
311403,1
340120,2
840808,2
200616,4
401213,4
480703,4
501902,5
302101,6
730611,7
190110,8
301803,8
710405,8
550101,10
601203,10
640101,10
220105,12
220107,12
420204,12
700412,12
960509,12
190505,13
240112,15
301805,15
380505,15
160112,17
160620,20
610103,20
540403,21
640709,22
140210,23
940911,23
460801,28
920703,28
250603,29
190312,35
390406,35
570906,35
720501,35
830101,40
920601,41
950101,57
390109,70
540604,78
190318,86
601104,100
810808,100
120505,128
220504,151
191305,200
190202,820
730103,1130
260206,1200
730609,1200
200618,1220
860105,1226
260207,1300
620513,2000
210404,2800
700120,6284
700118,22500
120105,2
332004,2
540801,4
160601,6
160904,8
300303,8
670602,10
400609,11
441002,11
560116,17
920611,17
480510,20
660201,20
700509,21
410103,23
900410,25
150404,28
390307,28
760112,32
901506,34
960706,36
540110,39
840902,40
721005,41
330809,46
730616,49
810803,54
920617,57
710203,58
170204,60
160206,62
660413,63
921001,64
610106,69
900802,81
140810,86
450901,86
770203,97
130501,116
920608,123
730307,366
150605,375
560107,587
350409,703
700409,760
800202,1054
301102,1202
230306,1701
230111,1820
241103,2069
720701,3002
210703,3900
901002,7897
170403,9728
250213,28694
190211,31220
170402,8
370119,13
510604,15
370603,17
360101,18
720119,18
510603,22
380407,28
471301,28
321202,34
480203,34
600805,35
390309,38
420202,41
160410,42
961103,45
640507,48
650106,48
301507,51
610501,55
330505,76
640608,76
661102,84
320301,95
600205,104
560114,119
390102,149
810404,185
820502,250
420102,259
860110,319
200403,520
230114,600
170607,623
230507,1340
600903,1463
950203,1765
220906,2850
250701,6630
311303,18
461804,18
660303,22
321208,26
801214,27
500704,30
620204,32
160422,33
330704,48
341521,53
901201,55
670310,61
670202,81
901007,84
841002,93
410308,101
540602,127
700502,128
160402,131
830104,164
390209,173
190306,183
850407,440
730119,1161
710902,1529
201002,1708
210106,2564
190404,4800
470804,21
311010,53
470802,53
302802,58
410902,60
400302,70
190908,74
900301,78
170105,85
250112,105
270506,119
521202,135
570904,136
431503,138
721006,147
601002,159
270901,215
501509,224
670105,263
830106,440
841304,728
670601,1451
580508,20
331010,31
480507,37
430703,47
430103,57
332005,62
710707,67
401502,73
300901,82
560504,90
301201,91
901103,92
431703,106
800114,118
610102,125
170206,143
380704,171
170202,175
760119,178
450108,183
900309,197
130202,211
720307,215
670303,231
801605,254
180108,282
160703,295
801608,580
810503,5875
700405,11040
350413,57
901504,59
501506,65
520601,119
600507,125
501501,155
420503,202
860305,358
210110,4695
230108,7040
401001,17557
471106,31
820302,95
170201,110
420801,119
620408,124
350608,126
720806,151
342503,155
170303,157
430209,159
760104,168
841503,177
620203,201
801609,202
390603,243
760122,246
420103,743
660410,6816
711201,14034
410607,71
410416,73
400801,81
350609,85
480314,163
670705,229
920208,458
160411,1312
160616,44
760207,49
401614,56
860604,62
920803,76
960304,85
810204,115
530502,123
451904,125
520803,126
520904,141
810103,148
350106,230
412403,231
342004,275
501403,430
420402,434
730306,1243
440912,67
451409,96
360113,114
330403,117
360905,124
461805,125
300401,172
301501,205
471203,245
460805,253
610114,329
501903,345
930901,507
730308,2103
400803,74
303205,96
480103,107
450615,116
570304,132
920705,146
341901,168
650109,336
530110,472
570801,492
610603,3131
200704,7417
840802,69
300409,109
450806,136
451707,193
461002,217
670803,264
730507,395
431504,398
720402,1091
170108,1556
160614,9954
760301,14623
440512,38
461308,118
320909,172
300105,198
301419,213
670708,242
840904,354
640708,398
370402,1379
230304,2856
630106,3739
520306,111
320703,134
460710,158
430501,170
640308,176
410110,228
670114,247
650203,284
430117,473
330405,516
170608,3213
710506,94
320207,108
760703,174
451502,178
670408,219
410411,224
610503,336
340404,350
420405,560
190403,13442
331014,96
400104,125
540114,125
460109,160
341520,193
270504,203
480304,327
340721,703
460119,749
720505,2191
730118,2683
840407,186
341905,230
412001,261
301411,293
301009,329
571003,407
170602,494
610702,557
440902,73
160511,154
480112,159
370703,191
570510,301
930103,639
900604,1438
240902,47108
440402,204
402402,236
480305,236
501704,262
190802,328
311702,417
350102,421
260303,19178
210103,20772
320407,107
310301,109
460101,148
500502,204
461604,224
470601,805
350503,2284
930801,3216
400402,190
320905,260
160418,470
480906,84
560301,213
451301,251
451114,307
402005,356
303204,456
841102,640
510109,1136
520801,2440
530115,7298
471103,113
860706,135
330122,168
670205,288
301310,369
950111,414
520808,661
620114,1741
710609,1784
201003,32371
350407,112
270505,212
801304,221
310808,241
350704,282
311704,334
460705,348
601305,1274
800907,1474
431605,153
321402,172
490203,263
310907,372
150506,489
501505,83
350702,238
311005,269
501511,293
440111,382
331902,495
661105,770
710514,3389
300115,291
401606,310
330412,433
560204,509
660407,626
850104,685
310202,213
401506,239
450702,242
311803,305
312204,405
490302,437
321011,98
321602,234
461302,487
320911,216
710801,270
341117,362
412104,733
320206,138
310510,362
840303,453
540116,456
350105,777
530903,904
650808,1464
360103,27881
360706,396
560705,478
490506,589
530205,909
490101,1515
571106,202
490402,282
390504,537
471001,269
450602,289
560202,503
930113,2314
312002,219
470201,297
410108,505
860708,783
320406,422
361210,1117
440706,621
311201,654
770207,368
301011,476
311007,590
901303,940
301306,704
480505,1250
481102,1869
490109,320
170609,463
501701,774
480713,782
570806,876
341406,238
340302,575
360404,496
841716,750
560402,895
450909,1213
411006,277
311011,405
400711,574
343004,401
770201,623
330320,667
341411,819
700204,4117
402104,6790
481003,366
550909,294
471003,636
930110,1043
900203,1231
720711,7818
421101,2234
160407,42078
311801,513
550104,592
661003,670
421204,742
220703,2693
310205,233
550303,359
520305,788
670204,1295
301610,328
411903,553
501603,227
450406,614
330401,930
350813,1116
302803,2101
802103,11812
510202,112032
640109,1563
550708,3341
500403,413
440306,634
801103,1089
160307,221
530204,873
930511,3173
310117,434
411703,23865
500608,173
320105,359
331601,735
480807,987
440611,366
650404,899
650304,1122
380302,942
451104,1201
630401,336
302010,1949
490113,322
480111,625
320118,1000
440613,1366
331025,1517
711003,4914
350305,5652
620601,1635
401707,2667
310125,442
340205,516
521301,758
270203,902
451102,1432
650606,1423
490508,1099
342106,1449
840204,932
340701,1521
341402,549
341405,1203
520401,2977
310105,724
331022,1238
270703,2493
471504,518
571504,325
311503,455
302011,3163
310601,1452
580603,1438
650205,2110
440407,1403
620602,1998
551204,375
440506,677
550803,906
320310,379
440702,2009
571301,810
312001,1047
471701,1437
551302,468
451204,2131
320503,463
710906,888
571703,2476
571502,594
480803,1524
520901,659
451602,1485
560310,1040
341904,2444
931003,13085
500305,1452
471101,574
640405,6223
571101,997
320506,679
501207,2829
580109,1624
630701,1115
930701,23271
521303,2284
360201,8911
421403,3011
580704,1446
630502,1317
501003,39718
340720,12379
540603,30924
620301,7426
801402,10336
